indexes,lies,l_href
1,Carried out military interventionism in Libya without Congressional approval,http://www.amazon.com/dp/B01E4U36NE
2,Gave a no-bid contract to Halliburton cronies – just like Bush did,http://www.amazon.com/dp/B01E4U36NE
3,"Has an administration full of lobbyists, after promising he wouldn’t have any",https://danfromsquirrelhill.wordpress.com/2013/08/15/obama-252/
4,"Had close ties to Wall St., but pretended to support Occupy Wall St.",http://tinyurl.com/ku9vxug
5,Broke his promise to close Guantanamo Bay,http://en.wikipedia.org/wiki/Underline
6,Supported the $700 billion TARP corporate-welfare bailout just like Bush,https://web.archive.org/web/20110623233927/http://thehill.com/homenews/house/166577-kucinich-jones-sue-white-house-over-libya-war
7,"Waged the biggest war against medical marijuana of any president, which was the opposite of what he had promised",https://web.archive.org/web/20151007170702/http://thehill.com/blogs/blog-briefing-room/news/204670-nader-obamas-libya-mission-was-impeachable-offense-flat-out
8,Nominated a six-time tax cheater to head the government agency that enforces the tax laws,https://web.archive.org/web/20110125024901/http://www.washingtontimes.com/news/2010/may/13/obamas-mounting-hypocrisy/
9,"Gave tax dollars to AIG executives, then pretended to be outraged about it",https://web.archive.org/web/20150807071650/http://www.washingtonexaminer.com/obama-makes-a-mockery-of-his-own-lobbyist-ban/article/17568
10,Expanded Bush’s unconstitutional government faith based programs,https://web.archive.org/web/20101119082141/http://www.washingtonexaminer.com/politics/Former-lobbyists-in-senior-Obama-administration-positions-83362902.html
11,Supported Bush’s unconstitutional Patriot Act,https://web.archive.org/web/20111029010304/http://dailycaller.com/2011/10/10/obama-attacks-banks-while-raking-in-wall-street-dough
12,Increased the national debt more in one term than Bush did in two,https://web.archive.org/web/20150626155016/http://www.bloomberg.com/news/articles/2012-02-14/obama-returns-to-nyc-for-first-wall-street-fundraiser-of-year
13,"Agrees with Bush’s support of unconstitutional, indefinite detention of U.S. citizens without filing any charges",https://web.archive.org/web/20111206234553/http://dailycaller.com/2011/10/25/obama-defies-base-hires-wall-street-lobbyist-for-re-election-campaign/?
14,"Agrees with Bush’s support of unconstitutional, warrantless wiretapping",https://web.archive.org/web/20110312081536/http://www.politifact.com/truth-o-meter/promises/obameter/promise/177/close-the-guantanamo-bay-detention-center/
15,Avoided prosecution of Wall. St criminals,https://web.archive.org/web/20110312081536/http://www.politifact.com/truth-o-meter/promises/obameter/promise/177/close-the-guantanamo-bay-detention-center/
16,Had four U.S. citizens killed without judicial process,https://web.archive.org/web/20120711004510/http://abcnews.go.com/Politics/OTUS/guantanamo-bay-open-promises/story?id=16698768#.VyPTzUcw5_k
17,"Ordered private company to fire 1,000 employees",https://web.archive.org/web/20150607034212/http://www.nationalreview.com/article/419356/no-republicans-voted-obamacare-so-its-not-their-problem-fix-david-harsanyi
18,Stole money from retired teachers and police officers,https://web.archive.org/web/20090226080513/http://www.senate.gov/legislative/LIS/roll_call_lists/roll_call_vote_cfm.cfm?congress=110&session=2&vote=00213
19,Supported release of convicted mass murderer,http://www.sfgate.com/cgi-bin/article.cgi?f=/c/a/2008/05/12/MNKK10FD53.DTL
20,Illegally put thousands of guns into hands of criminals,https://www.thcfarmer.com/community/threads/obamas-pot-promise-a-pipe-dream.47950/
21,Fired Inspector General for discovering that Obama’s friend had embezzled government funds,http://www.9news.com/news/story.aspx?storyid=132606
22,Lied about putting health care negotiations on C-SPAN,http://latimesblogs.latimes.com/lanow/2010/02/federal-agents-raid-marina-del-rey-marijuana-dispensary.html
23,Lied about letting people keep their health insurance,https://reason.com/blog/2010/07/09/in-the-obama-age-of-no-more-fe
24,Lied about the cost of Obamacare,http://reason.com/blog/2010/07/09/in-the-obama-age-of-no-more-fe
25,"Gave tax dollars to campaign contributors and lobbyists, and falsely claimed the money was for “green energy”",https://web.archive.org/web/20101004130303/http://www.safeaccessnow.org/article.php?id=6115
26,Had “off the record” meetings with lobbyists,http://www.npr.org/2011/07/12/137791944/obama-cracks-down-on-medical-marijuana
27,Falsely claimed to believe in public education,http://www.safeaccessnow.org/medical_marijuana_journalist_arrested_during_oakland_dea_raid_to_be_sentenced_friday_in_federal_court
28,Falsely promised that Obamacare would give people “the same kind of insurance that Senator McCain and I enjoy”,http://www.rollingstone.com/politics/news/obamas-war-on-pot-20120216
29,Shut down Amish farm,http://www.motherjones.com/mojo/2012/04/federal-raid-oaksterdam-oakland-marijuana
30,Rewarded his fundraisers by giving them federal jobs,http://www.washingtonpost.com/opinions/medical-marijuana-meets-hostility-from-obama-administration/2012/05/04/gIQA80GK2T_story.html
31,Ignored constitutional requirements for appointees,http://www.nbcbayarea.com/news/local/Pelosi-Questions-Obama-Marijuana-Policy-150252035.html
32,"Gave tax dollars to corrupt private contractors to build504 units of mice infested, slum housing, with backed up sewage",https://www.thcfarmer.com/community/threads/obamas-pot-promise-a-pipe-dream.47950/
33,Used tax dollars to glorify communist murderers Che Guevara and Fidel Castro,http://www.reuters.com/article/2012/07/12/us-usa-marijuana-california-idUSBRE86B02I20120712
34,Falsely claimed that the U.S. Supreme Court had never overturned any laws that had been passed by Congress,http://www.nbcbayarea.com/news/local/Oaksterdam-University-Raided-by-Feds-145765015.html
35,Supported new bailouts for speculators who caused housing bubble,http://www.pe.com/local-news/riverside-county/lake-elsinore/lake-elsinore-headlines-index/20120404-lake-elsinore-medical-marijuana-dispensary-raided.ece
36,"Spent $205,075 on a shrubbery which nurseries sell for $16",http://www.reuters.com/article/2012/06/14/us-usa-marijuana-landlords-idUSBRE85D0JA20120614
37,Spent taxpayer money to see if using cocaine helped rats to enjoy the music of Miles Davis,http://www.salon.com/2012/07/19/obamas_pot_problem/
38,Tried to outlaw family farms,http://blog.sfgate.com/smellthetruth/2013/04/16/dea-raids-marina-caregivers-and-zen-in-west-hollywood/
39,Auctioned off ambassadorship to the Netherlands,http://fox5sandiego.com/2013/04/23/feds-raid-medical-marijuana-facilities/#axzz2rUSXM9uv
40,Claimed that written tests are a form of “racial discrimination”,http://mynorthwest.com/11/2320786/Feds-raid-medical-marijuana-shops-in-Seattle-Tacoma-Olympia
41,Made the TSA even more abusive and ridiculous than it had been under Bush,http://www.annarbor.com/news/crime/ann-arbor-medical-marijuana-dispensary-raided-by-dea/
42,Illegally demanded monetary payment for Freedom of Information Act request,http://reason.com/blog/2013/10/30/michigan-medical-marijuana-raids-involve
43,"Fined public school $15,000 for selling soda",http://www.denverpost.com/breakingnews/ci_24570937/feds-involved-raid-at-denver-area-marijuana
44,Conducted dangerous and illegal scientific experiments on sick people without always informing them of the risks,http://www.denverpost.com/news/ci_25666066/dea-raids-vip-cannabis-cuts-open-safes
45,Closed the Vietnam Memorial for seven hours on Memorial Day so he could have his picture taken,http://www.bostonglobe.com/metro/2014/06/05/drug-enforcement-administration-targets-doctors-associated-with-medical-marijuana-dispensaries-physicians-say/PHsP0zRlaxXwnDazsohIOL/story.html
46,Had the government take 60.8% ownership of General Motors,http://www.huffingtonpost.com/2014/10/24/dea-raid-medical-marijuana-los-angeles_n_6038926.html
47,"Forced banks to give mortgages to people who could not afford to pay them back, and collected $23,000 in legal fees for himself for doing so",http://abcnews.go.com/blogs/politics/2012/05/obama-and-his-pot-smoking-choom-gang/
48,Stole money from retired Delphi employees,http://www.washingtonpost.com/wp-dyn/content/article/2009/01/18/AR2009011802070.html
49,Used taxpayer money to buy soda for $3.40 per can,http://www.nytimes.com/2009/01/15/us/politics/15tax.html?_r=1&
50,Paid $7 million per household to connect people to the internet,"http://www.time.com/time/politics/article/0,8599,1872925,00.html"
51,Had a double standard for Bain Capital,http://online.wsj.com/article/SB123187503629378119.html
52,Broke promise to teen campaign volunteers,http://online.wsj.com/article/SB123187503629378119.html
53,Falselyclaimed to know more about Judaism than any other President,http://online.wsj.com/article/SB123187503629378119.html
54,Exempted wind farms from the penalties that other companies get for killing birds,http://online.wsj.com/article/SB123187503629378119.html
55,Falsely claimed that he had never belonged to the New Party,http://www.cnn.com/2009/POLITICS/03/17/aig.bonuses.congress/
56,Supported punishing students based on their race instead of on their behavior,http://www.politifact.com/truth-o-meter/promises/obameter/promise/512/go-line-line-over-earmarks-make-sure-money-being-s/
57,Used “off the books” funding for military interventionism,http://www.nytimes.com/2009/03/17/us/politics/17obama.html?fta=y
58,Tried to silence criticism of auto-bailouts,http://thecaucus.blogs.nytimes.com/2009/02/05/obama-calls-for-expansion-of-faith-program/
59,"Dismissed charges of voter intimidation, despite video evidence",http://www.washingtonpost.com/politics/patriot-act-extension-signed-into-law-despite-bipartisan-resistance-in-congress/2011/05/27/AGbVlsCH_story.html
60,Falsely claimed to support the second amendment,http://www.cbsnews.com/8301-503544_162-57400369-503544/national-debt-has-increased-more-under-obama-than-under-bush/
61,Nominated a communist who said 9-11 was an inside job,http://www.aclu.org/national-security/president-obama-signs-indefinite-detention-bill-law
62,Falsely said he would not raise taxes on the poor and middle class,http://rawstory.com/news/2008/Obama_Administration_quietly_expands_Bushs_legal_0407.html
63,"Falsely said he wanted to simplify the tax code, when he actually wanted to make it more complex",http://www.thedailybeast.com/newsweek/2012/05/06/why-can-t-obama-bring-wall-street-to-justice.html
64,Oversaw some of the world’s worst increases in corruption,http://www.businessinsider.com/why-wall-street-execs-werent-prosecuted-2013-1
65,Falsely said “This is the most transparent administration in history”,http://www.washingtonpost.com/world/national-security/us-acknowledges-killing-of-four-us-citizens-in-counterterrorism-operations/2013/05/22/7a21cf84-c31d-11e2-8c3b-0b5e9247e8ca_print.html
66,Falsely claimed he would wait five days before signing bills,http://www.aclu.org/blog/national-security/aclu-lens-american-citizen-anwar-al-aulaqi-killed-without-judicial-process
67,Falsely claimed “stimulus” spending would be transparent,http://www.politico.com/news/stories/1011/65035.html
68,Announced plans to send military to Australia,http://www.politico.com/story/2014/02/ralph-nader-book-103908.html
69,Falsely promised to accept public campaign financing and spending limits,http://www.nytimes.com/2011/04/21/business/21boeing.html?_r=2
70,Tried to silence video on YouTube,http://www.humanevents.com/article.php?id=32074
71,Rejected international help to clean up BP oil spill,http://www.forbes.com/2009/05/11/chrysler-bankruptcy-mortgage-opinions-columnists-epstein.html
72,"Falsely said he opposed government waste, when he actually loved it",http://www.nationalaffairs.com/publications/detail/the-auto-bailout-and-the-rule-of-law
73,Nominated past frequent user of illegal drugs to keep illegal drugs out of schools,http://www.economist.com/node/13610871?story_id=13610871
74,Avoids firing aides who owe back taxes,http://www.commentarymagazine.com/article/wealth-creation-under-attack/
75,Used Abbott and Costello style economics as a basis for national policy,http://www.theaustralian.com.au/news/world/white-house-backed-release-of-lockerbie-bomber-abdel-baset-al-megrahi/story-e6frg6so-1225896741041
76,Sent U.S. troops to Africa,http://topics.nytimes.com/top/reference/timestopics/subjects/a/airplane_accidents_and_incidents/pan_am_flight_103/index.html
77,Made secret plans for his second term,http://www.forbes.com/sites/realspin/2011/09/28/fast-and-furious-just-might-be-president-obamas-watergate/
78,Holds double standard for people who use crude and vulgar language toward women,http://www.cbsnews.com/8301-250_162-57559582/brian-terry-family-sues-atf-officials-in-fast-and-furious/
79,Illegally gave Obamacare exemptions to unions that supported the passage of Obamacare,http://www.abc15.com/news/region-central-southern-az/other/brian-terry-fast-and-furious-manuel-osorio-arellanes-sentenced-to-30-years-in-border-agents-death
80,"Defended Bush administration’s unconstitutional, unwarranted use of GPS device",http://www.politico.com/news/stories/0609/23831.html
81,Opposes newspapers reporting the news,http://thehill.com/homenews/administration/47280-allies-of-official-fired-by-obama-mount-defense
82,Supported Bush administration for fining CBS for showing Janet Jackson’s breast,http://static.usnews.com/documents/whispers/Walpin.pdf
83,Allowed campaign contributors to bring lobbyists into White House,http://www.cbsnews.com/2100-18563_162-6064298.html
84,Falsely said that criminal background checks constituted “racial discrimination”,http://www.youtube.com/watch?v=KoE1R-xH5To
85,Was cited by nine states for committing 21 illegal acts,https://web.archive.org/web/20121018105433/http://abcnews.go.com/blogs/politics/2009/06/what-does-the-presidents-promise-youll-be-able-to-keep-your-health-care-plan-period-really-mean/
86,Tried to seize hotel because some of its customers had used illegal drugs,http://www.weeklystandard.com/blogs/hhs-admits-you-might-not-be-able-keep-your-doctor-under-obamacare_740093.html
87,Falsely said his campaign was not funded by large donors,http://www.washingtontimes.com/blog/inside-politics/2013/feb/5/obama-health-law-will-cost-7-million/
88,Holds double standard for subsidizing solar power companies,http://blogs.wsj.com/metropolis/2010/11/20/union-drops-health-coverage-for-workers-children/
89,Tried to create an administration full of tax cheaters,http://religion.blogs.cnn.com/2012/05/16/college-drops-health-care-plan-over-religious-objections-to-new-law/
90,Hired a Communications Director who admires a mass murderer,http://www.huffingtonpost.com/2013/02/21/universal-orlando-obamacare_n_2732447.html
91,Falsely said the primary purpose of NASA was to reach out to the Muslim world,http://www.forbes.com/sites/aroy/2012/05/01/fortune-100-survey-employers-could-save-422-billion-by-dropping-health-coverage/
92,Illegally made recess appointments when Congress was not in recess,http://money.msn.com/now/post.aspx?post=fce28676-f98c-462e-a19d-2f2d8c7e2260
93,"Said the health insurance mandate was not a tax, but later told the Supreme Court that it was a tax",http://dailycaller.com/2013/07/02/58000-californians-to-lose-current-insurance-under-obamacare/
94,Lied about being his “brother’s keeper”,http://news.investors.com/ibd-editorials/022813-646270-affordable-care-act-pushes-women-off-insurance.htm?p=full
95,Punishes hospitals for saving the lives of patients with heart disease,http://www.bizjournals.com/atlanta/morning_call/2013/08/ups-to-drop-15000-spouses-from.html?ana=RSS&s=article_search&utm_source=feedburner&utm_medium=feed&utm_campaign=Feed%3A+bizj_atlanta+%28Atlanta+Business+Chronicle%29
96,"Supports guns for himself and his wife, but opposes them for everyone else",http://www.buffalonews.com/apps/pbcs.dll/article?AID=/20130710/BUSINESS/130719892/1003
97,Falsely claimed that he  “cut spending by over a trillion dollars in 2011”,http://www.thegatewaypundit.com/2013/07/now-they-tell-us-union-leaders-now-say-obamacare-will-destroy-health-well-being-of-us-workers/
98,Practices environmental hypocrisy,http://nationalreview.com/corner/356140/over-100k-new-jersey-residents-lose-their-affordable-health-plans-under-obamacare
99,Pressured public schools to replaceCatcher in the Ryewith a book on window insulation,http://www.foxnews.com/us/2013/09/07/ibm-to-move-retirees-off-health-plan/
100,Approved giving 20 F-16 fighter jets to a Sharia dictatorship,http://www.huffingtonpost.com/2013/09/11/trader-joes-obamacare_n_3902341.html
101,Falsely claimed that his “Cash for Clunkers” program would help the environment,http://www.freep.com/article/20131013/NEWS06/310130056/Individual-polices-being-dropped-Obamacare-Michigan
102,Violated the very same campaign finance laws that he claimed to support,http://finance.yahoo.com/news/fla-blue-dropping-300-000-142302560.html
103,Lied about how he had answered a questionnaire on gun control,http://www.nationalreview.com/corner/362263/500000-californians-lose-health-policies-wesley-j-smith
104,Falsely claimed that his 2013 inauguration was not funded by lobbyists,http://finance.yahoo.com/blogs/michael-santoli/cheap-chickens-pricey-stock-costco-wows-shoppers-investors-212625421.html
105,Encouraged medical device manufacturers to lay off employees,http://washingtonexaminer.com/carefirst-says-76000-customers-will-lose-current-coverage-due-to-obamacare/article/2537782
106,Encouraged employers to switch their employees from full time to part time,http://www.king5.com/health/If-you-like-your-plan-you-can-keep-it-not-true-for--229319701.html
107,Broke his promise to cut the deficit in half by the end of his first term,http://kdvr.com/2013/11/06/nearly-250000-colorado-healthcare-plans-cancelled-under-obamacare/
108,Had Freedom of Information Act record worse than Bush’s,http://www.bloomberg.com/news/2014-01-21/target-to-drop-health-insurance-for-part-time-workers.html?cmpid=yhoo
109,Supports installation of hidden cameras on private property without a search warrant,http://www.c-spanvideo.org/clip/3756
110,"Used “stimulus” money to pay people to play cards, board games, and video games",http://www.washingtonpost.com/business/economy/health-care-law-will-add-340-billion-to-deficit-new-study-finds/2012/04/09/gIQAti1o6S_story.html
111,Spent half a million tax dollars on “Prom Week” video game,http://www.foxnews.com/politics/2012/03/14/cbo-health-law-estimate-shows-much-higher-spending-beyond-first-10-years/
112,Hypocritically paid his female employees less than his male employees,http://www.huffingtonpost.com/2013/05/03/state-officials-health-care-aid_n_3209257.html
113,Falsely said that  Romney’s pension was bigger than his own,http://dailycaller.com/2011/09/01/bankrupt-solar-company-with-fed-backing-has-cozy-ties-to-obama-admin/
114,Has a double standard for investing in China and the Cayman Islands,http://abcnews.go.com/blogs/politics/2011/08/solar-energy-company-touted-by-obama-goes-bankrupt/
115,Spent $27 million on “ineffective” pottery classes in Morocco,http://reason.com/archives/2011/09/09/obamas-crony-capitalism
116,Caused large amounts of perfectly good food to be thrown into the garbage,"http://www.latimes.com/news/la-na-solyndra-donor-20110917,0,2125785.story"
117,Accepted illegal campaign contributions from foreign citizens,http://www.nytimes.com/gwire/2011/09/16/16greenwire-solyndra-spent-liberally-to-woo-lawmakers-unti-81006.html?partner=rss&emc=rss
118,Labels opponents of TSA sexual harassment as “domestic extremists”,http://dailycaller.com/2011/09/01/bankrupt-solar-company-with-fed-backing-has-cozy-ties-to-obama-admin/
119,Lied about the Benghazi attack,http://online.wsj.com/article/SB10001424053111904491704576572872256772948.html
120,Paid a train carrying biofuel to cross the U.S.-Canadian border 24 times without unloading,http://www.politico.com/news/stories/1012/81895.html
121,Falsely said that “we got back every dime” of the bailout,http://articles.washingtonpost.com/2011-10-03/politics/35276920_1_obama-fundraiser-review-process-and-people-obama-white-house
122,"Spent $50,000 of taxpayer money on a George S. Patton impersonator",https://web.archive.org/web/20120723034543/http://www.nationalreview.com/articles/277512/solyndra-fraud-andrew-c-mccarthy?pg=1
123,"Spent $75,000 of taxpayer money on a bicycle",http://abcnews.go.com/Blotter/feds-visit-homes-solyndra-ceo-execs/story?id=14476848
124,Complained to YouTube about an anti-Muslim video,http://abcnews.go.com/Blotter/solyndra-loan-now-treasury-launching-investigation/story?id=14521917
125,Falsely said that Fast and Furious was started when Bush was President,http://www.washingtonpost.com/politics/white-house-pushed-500-million-loan-to-solar-company-now-under-investigation/2011/09/13/gIQAr3WbQK_story.html
126,"Is a “war criminal” who is  “more aggressive, more illegal worldwide” than Bush, according to Ralph Nader",http://www.nytimes.com/2011/09/23/us/politics/in-rush-to-assist-solyndra-united-states-missed-warning-signs.html?_r=1&ref=politics
127,Illegally refused to fire Kathleen Sebelius after she violated campaign finance laws,http://www.nytimes.com/2011/09/23/us/politics/in-rush-to-assist-solyndra-united-states-missed-warning-signs.html?_r=1&ref=politics
128,Supports policies that hurt small businesses,http://www.washingtonpost.com/politics/solyndra-employees-company-suffered-from-mismanagement-heavy-spending/2011/09/20/gIQAMHC3lK_story.html
129,"Continued previous presidents’ policy of using tax dollars to pay a film projectionist to work and sleep at the White House 24 hours a day, 7 days a week",http://www.washingtonpost.com/politics/chu-takes-responsibility-for-a-loan-deal-that-put-more-taxpayer-money-at-risk-in-solyndra/2011/09/29/gIQArdYQ8K_story.html
130,"Refused to fire federal employee who sent email to 17,000 people praising terrorist who wanted to destroy U.S.",http://www.washingtonpost.com/politics/solyndra-obama-and-rahm-emanuel-pushed-to-spotlight-energy-company/2011/10/07/gIQACDqSTL_story.html
131,Called Fort Hood shooting “workplace violence” instead of “Islamic terrorism”,http://sanfrancisco.cbslocal.com/2012/01/19/bankrupt-solyndra-caught-destroying-brand-new-parts/
132,Falsely said that switching to electronic medical records would make health care cheaper,http://www.washingtonpost.com/opinions/forget-bain-obamas-public-equity-record-is-the-real-scandal/2012/05/24/gJQAXnXCnU_story.html
133,"Spent $495,000 of “stimulus” money for ads on MSNBC",http://www.washingtonpost.com/opinions/forget-bain-obamas-public-equity-record-is-the-real-scandal/2012/05/24/gJQAXnXCnU_story.html
134,Lied about the cost of federal regulations,http://www.washingtonpost.com/opinions/forget-bain-obamas-public-equity-record-is-the-real-scandal/2012/05/24/gJQAXnXCnU_story.html
135,"Broke his promise to pass immigration bill, and then lied about why he broke it",http://www.reuters.com/article/2012/04/02/us-solartrust-bankruptcy-idUSBRE8310ZV20120402
136,Made it much harder for start ups to raise capital and create jobs,http://sanfrancisco.cbslocal.com/2012/04/28/solyndra-not-dealing-with-toxic-waste-at-milpitas-facility/
137,Paid six figure salaries to federal employees so they could watch pornography all day long,http://www.bcbr.com/article/20140502/EDITION/140439975
138,Spent tax dollars on a “mindreader”,http://www.washingtonpost.com/opinions/forget-bain-obamas-public-equity-record-is-the-real-scandal/2012/05/24/gJQAXnXCnU_story.html
139,Used tax dollars to build a million dollar bus stop,http://www.politico.com/news/stories/1111/67444.html
140,Filed a lawsuit against a non-existent “monopoly” in the beer industry,http://www.huffingtonpost.com/2012/08/23/herbert-m-allison-jr-obama-donor_n_1824839.html
141,Falsely said the sequester would cause janitors to take a pay cut,http://www.nytimes.com/2010/06/25/us/politics/25caribou.html
142,Falsely said that he goes skeet shooting “all the time”,http://www.issues2000.org/2012/Barack_Obama_Education.htm
143,"Gave special access to people who raised or donated $500,000",http://web.archive.org/web/20141215104753/http://seattletimes.com/html/nationworld/2008419946_apobamaschool.html
144,Said the deficit had gone down when it had actually gone up,http://wallstcheatsheet.com/politics/heres-the-cost-of-obamacare.html/?ref=YF
145,Refused to make available necessary tax forms to taxpayers,http://www.nytimes.com/2010/11/16/health/views/16docs.html?pagewanted=all
146,Nominated someone to be Secretary of the Treasury who had participated in “the biggest tax scam on record”,http://www.washingtontimes.com/news/2012/feb/13/feds-shut-down-amish-farm-selling-fresh-milk/print/
147,Adopted harmful new restrictions on prescription painkillers – even though the House had already voted against them,http://www.washingtonpost.com/politics/the-influence-industry-obama-gives-administration-jobs-to-some-big-fundraisers/2012/03/06/gIQA9y3txR_story.html?hpid=z2
148,Rolled back union transparency rules,http://www.politico.com/news/stories/0209/19303.html
149,Tried to eliminate workers’ right to a secret ballot when voting on whether or not to unionize,http://thehill.com/blogs/blog-briefing-room/news/59071-feingold-questions-obama-czars
150,Gave “supervised release” to a convicted criminal who later went on to murder a nun,http://www.boston.com/news/nation/articles/2008/06/27/grim_proving_ground_for_obamas_housing_policy/?page=full
151,Falsely said that he did not propose the sequester,http://web.archive.org/web/20120322104539/http://standwitharizona.com/blog/2012/01/17/outrage-feds-spend-1-6-million-to-restore-la-raza-murals-celebrating-aztlan-and-che-guevara
152,Illegally refused to submit a budget on time during four of his first five years,http://online.wsj.com/article/SB10001424052702303816504577321844137787970.html
153,Canceled White House tours for thousands of people so he could use the money to play golf with Tiger Woods,http://www.bloomberg.com/news/2012-03-05/boom-era-property-speculators-to-get-foreclosure-aid-mortgages.html
154,Falsely said the Newton shooter used a “fully automatic weapon”,http://cnsnews.com/news/article/shovel-ready-san-fran-205075-translocate-one-shrub-path-stimulus-project
155,Broke his own deadline for creating healthcare exchanges,http://www.nydailynews.com/life-style/health/rats-cocaine-love-miles-davis-dumb-animal-research-paid-tax-dollars-article-1.1063528#ixzz1sQ6zpibr
156,"Falsely said that surgeons get paid between $30,000 and $50,000 for amputating a leg",https://web.archive.org/web/20120428173654/http://news.investors.com/article/609421/201204261900/regulators-wont-let-farm-parents-raise-their-own-kids.htm
157,"Falsely said that doctors perform unnecessary tonsillectomies to make more moneyIn July 2009, Obamasaid",http://www.washingtontimes.com/news/2012/apr/27/major-obama-bundler-gets-dutch-ambassadors-post/
158,"Purchased 2,717 mine resistant armor protected vehicles for use on civilian streets in the U.S.",http://www.reuters.com/article/2012/04/23/us-usa-florida-firefighters-idUSBRE83M1KQ20120423
159,"Spends $277,050 per year for three professional calligraphists",http://www.washingtontimes.com/news/2011/mar/7/firehouse-flunkies/
160,"Allowed 311,566 federal employees and retirees to get away with $3.5 billion in unpaid federal taxes",http://dailycaller.com/2011/03/12/dayton-police-lower-standards-f-now-a-passing-score-for-recruits/
161,Spent $2.6 million to teach Chinese prostitutes how to drink responsibly on the job,https://web.archive.org/web/20150709180036/http://www.villagevoice.com/news/the-10-most-idiotic-questions-from-fdny-entrance-exams-6687593
162,Fined UPS $40 million because some of its customers had used UPS to ship illegal drugs,http://www.dailymail.co.uk/news/article-2116881/TSA-subject-child-wheelchair-invasive-airport-security-tests-Chicago.html
163,"Added 20,000 extra pages to Obamacare without Congressional approval",http://washington.cbslocal.com/2012/04/25/family-misses-flight-after-tsa-gives-pat-down-to-girl-with-cerebral-palsy/
164,Signed health care reform law whose own authors called it a “huge train wreck” that was “beyond comprehension”,http://www.dailymail.co.uk/news/article-2134280/Weeping-year-old-girl-accused-carrying-GUN-TSA-officers-hugged-grandmother-passing-security.html#ixzz1sxAVHmrN
165,Eliminated disclosure requirements for most federal employees in the executive and legislative branches,https://web.archive.org/web/20120511034017/http://www.wpbf.com/news/south-florida/Baby-18-months-old-ordered-off-plane-at-Fort-Lauderdale-airport/-/8788880/13038550/-/fhxhp7/-/index.html
166,Waited until after the 2012 election to release unpopular Obamacare rules,http://washington.cbslocal.com/2012/05/14/tsa-agents-conduct-full-monty-pat-down-on-henry-kissinger/
167,"Made it easy for people to fraudulently collect $50,000 by falsely claiming to be “farmers”",http://news.investors.com/ibd-editorials/070111-577134-tsa-totally-screwed-up-administration.htm
168,Tried to rig federal auctions of radio spectrum space,http://www.nbcnews.com/id/40291856/ns/travel-news/#.UT1WUFeWSHg
169,Put someone in jail for making an anti-Muslim video,https://web.archive.org/web/20131008032437/http://shine.yahoo.com/parenting/tsa-harasses-sick-kid--family-misses-flight-154956391.html
170,Oversaw IRS whose employees illegally targeted conservative groups,http://www.knst.com/pages/garretlewis.html?article=10095213
171,"Spent $402,721 on underwear that detects the presence of cigarette smoke",http://www.kutv.com/news/top-stories/stories/vid_768.shtml
172,Rewarded one of his biggest campaign fundraisers by nominating him for the ambassadorship to Canada,http://dailycaller.com/2014/04/02/report-epa-tested-deadly-pollutants-on-humans-to-push-obama-admins-agenda/
173,"Hired a retarded man to sell illegal drugs and guns, and then arrested him for doing so",http://frontpagemag.com/2012/06/05/obama%E2%80%99s-memorial-day-photo-op-blocks-families-vets-from-d-c-vietnam-memorial-wall-for-7-hours/
174,Secretly obtained phone records from Associated Press reporters and editors,http://www.nypost.com/p/news/business/us_owned_gm_rolls_off_the_lot_7MTALtVxWbRUK0OCm4uQgK
175,Asked contractors to disclose their political donations before bidding on government contracts,http://nation.foxnews.com/politics/2009/03/29/obama-fires-gm-ceo
176,Tried to deport German family that had fled Germany over Hitler’s ban on homeschooling,https://web.archive.org/web/20120621003351/http://news.investors.com/article/615028/201206151805/fingerprints-of-obama-on-subprime-foreclosure-crisis.htm?p=full
177,Illegally used social media to promote new water rule,http://www.washingtonpost.com/business/economy/obama-administration-pushes-banks-to-make-home-loans-to-people-with-weaker-credit/2013/04/02/a8b4370c-9aef-11e2-a941-a19bce7af755_story.html
178,Falsely accused a law abiding news reporter of being “an aider and abettor and/or co-conspirator” in a criminal investigation,http://dailycaller.com/2012/08/07/emails-geithner-treasury-drove-cutoff-of-non-union-delphi-workers-pensions/
179,Asked Attorney General Eric Holder to investigate himself for lying under oath,http://washingtonexaminer.com/amtrak-lost-800m-on-cheeseburgers-and-soda/article/2503832
180,Used Obamacare to illegally give the IRS additional powers without approval from Congress,http://www.forbes.com/sites/nickschulz/2011/07/05/how-effective-was-the-2009-stimulus-program/
181,Used environmental regulations to shut down an ambulance while it was taking a patient to the hospital,http://www.weeklystandard.com/blogs/obamas-budget-director-bain-guy-married-bain-gal_648652.html
182,Had “a serious management problem” with his refusal to fire bad workers,http://abcnews.go.com/Politics/obamas-teen-volunteers-disinvited-speech/story?id=17163654#.UEsIpqNnxLe
183,Illegally solicited donations from health insurers,http://www.post-gazette.com/stories/opinion/jack-kelly/barack-obamas-knowledge-of-judaism-doubted-639065/
184,Chose an economic advisor who wanted roads and bridges to be built by unqualified workers,http://bigstory.ap.org/article/ap-impact-wind-farms-get-pass-eagle-deaths
185,Pressured unions to reduce the amount of health insurance coverage for their employees,https://web.archive.org/web/20120621011115/http://www.nationalreview.com/articles/302031/obamas-third-party-history-stanley-kurtz
186,Falsely said “We believe in the free market”,http://dailycaller.com/2012/07/27/obama-backs-race-based-school-discipline-policies/
187,Falsely said “We believe in a light touch when it comes to regulations”,http://www.telegraph.co.uk/news/worldnews/northamerica/usa/barackobama/5133899/Barack-Obama-uses-Bush-funding-tactics-to-finance-wars-in-Iraq-and-Afghanistan.html
188,Said Catholic schools are “divisive” but did not say the same thing about other religious schools,http://nation.foxnews.com/obama-administration/2011/09/27/wh-pressures-ford-pull-bailout-ad
189,Favored a new tax on Christmas trees so the money could be used to subsidize Christmas trees,http://politicalticker.blogs.cnn.com/2009/05/28/justice-department-drops-charges-in-voter-intimidation-case/
190,Betrayed the people of the city that helped him launch his political career,http://www.washingtontimes.com/news/2009/aug/04/panel-demands-panther-answers/
191,Proposed military interventionism in Syria,http://www.nytimes.com/2010/07/07/us/07rights.html
192,Planned to use military snipers to shoot innocent lions and cheetahs in the wild,"http://www.time.com/time/politics/article/0,8599,1818334,00.html?imw=Y"
193,"Refused to fire or prosecute more than 1,000 IRS employees who illegally used their IRS credit cards for their own personal use","http://www.foxnews.com/story/0,2933,427347,00.html"
194,Defended intelligence chief who lied under oath,http://www.foxnews.com/opinion/2009/09/06/phil-kerpen-van-jones-resign/
195,Had the Secret Service visit a law abiding citizen who had criticized his policies on Twitter,http://cnsnews.com/mrctv-blog/matt-vespa/obamacare-shatters-obamas-promise-fifth-anniversary-no-tax-hike-pledge
196,"Had the IRS grant special, illegal favors for his brother’s so-called “charity”",http://www.bloomberg.com/news/2013-04-05/obama-tobacco-tax-for-pre-kindergarten-draws-opposition.html
197,Raised the interest rate on student loans to pay for Obamacare,http://www.huffingtonpost.com/stanton-peele/why-do-poor-people-smoke_b_627057.html
198,Refused to fire or prosecute 15 IRS agents who illegally seized the medical records of 10 million people,http://www.msnbc.msn.com/id/30228444/
199,"Hired 16,500 new IRS agents to run Obamacare",//www.bloomberg.com/apps/news?pid=20601087&sid=are4y0wpjqXU
200,Tried to reward wasteful IRS spending with an increase in funding,http://www.businessinsider.com/transparency-corruption-increased-2010-12#
201,Illegally bypassed Congress to delay Obamacare’s employer mandate,http://www.politico.com/story/2013/02/obama-the-puppet-master-87764.html
202,Made it too hard for some doctors to continue their practices,http://www.politico.com/story/2013/02/obama-the-puppet-master-87764.html
203,Falsely told Africans that contaminated water is a smaller problem than global warming,http://dailycaller.com/2013/07/21/flashback-helen-thomas-slammed-obamas-control-of-the-press-compared-him-to-nixon/
204,"Spent $630,000 oftaxpayers’ money to get more Facebook “likes”",http://www.huffingtonpost.com/2013/10/10/obama-press-freedom-cpj_n_4073037.html
205,"Declared that hacking was an act of war, then hacked the EU",http://www.cato.org/pub_display.php?pub_id=11449
206,"Said “If I had a son, he’d look like Trayvon”",http://thehill.com/blogs/hillicon-valley/technology/107441-gao-stimulus-transparency-site-needs-work
207,Falsely said that Secretary of State John Kerry had not been on his yacht during the regime change in Egypt,http://www.nytimes.com/2011/11/17/world/asia/obama-and-gillard-expand-us-australia-military-ties.html?_r=2
208,Said “the planet will boil over” if African citizens adopt a first world standard of living,http://www.nytimes.com/2008/06/20/us/politics/20obama.html?adxnnl=1&adxnnlx=1323637278-m52eRc9C/U5pezt5K4PZMg
209,"“Among those who Strongly Approve of the president, more fear the Tea Party than radical Muslims.”",http://www.americanthinker.com/blog/2011/06/the_jewish_video_obama_doesnt_want_on_the_web.html
210,"Illegally forced 2,200 privately owned auto dealerships to close, which destroyed 120,000 jobs",http://www.businessinsider.com/heres-the-real-reason-america-refused-international-help-on-the-oil-spill-2010-6#ixzz0qOvqHe6K
211,Subsidized the production of alcoholic beverages,http://www.realclearpolitics.com/news/ap/politics/2008/Sep/22/obama_vows_deep_cuts_in_spending.html
212,"Gave 23,994 tax refunds worth a total of $46,378,040 to illegal aliens who all used the same address",http://web.archive.org/web/20081030040916/http://councilfor.cagw.org/site/DocServer/2007_Senate_Ratings_Final.pdf?docID=3282
213,Sued private businesses for using “racist” criminal background checks to screen employees,http://www.foxnews.com/politics/2009/09/23/critics-assail-obamas-safe-schools-czar-say-hes-wrong-man-job/
214,Used tax money to pay federal employees to organize protests against George Zimmerman,https://web.archive.org/web/20120127175950/http://news.investors.com/Article/599002/201201260818/obama-white-house-staff-back-taxes.htm
215,Illegally continued giving foreign aid to Egypt after it had a coup,https://web.archive.org/web/20120320075114/http://campaign2012.washingtonexaminer.com/article/firm-sells-solar-panels-itself-taxpayers-pay/434251
216,Broke promise to end Bush’s surveillance of U.S. citizens who were not suspected of committing a crime,http://www.cbsnews.com/8301-501710_162-57382547.html
217,Spent $3 million to study the health risks of dating Mexican prostitutes,http://abcnews.go.com/blogs/politics/2012/03/president-obama-asks-medvedev-for-space-on-missile-defense-after-my-election-i-have-more-flexibility/
218,Lied about the cost of IRS conferences,http://abcnews.go.com/blogs/politics/2012/03/womens-group-presses-obama-on-limbaughmaher-double-standard/
219,"Spent $890,000 per year on service fees for bank accounts that had no money",http://www.washingtontimes.com/news/2011/may/20/obamacare-waiver-corruption-must-stop/
220,Spent $34 million to construct a new military headquarters in Afghanistan after U.S. military commanders said they did not want it,http://www.washingtontimes.com/news/2011/may/20/obamacare-waiver-corruption-must-stop/
221,Falsely said that his scandals were “phony”,http://www.reuters.com/article/2012/01/24/us-usa-police-gps-idUSTRE80M1E120120124
222,Falsely guaranteed that people could keep their doctor,http://www.weeklystandard.com/blogs/wh-disappointed-la-times-published-photos-two-years-after-incident_640402.html
223,Falsely said the auto bailouts prevented Detroit from going bankrupt,http://www.politico.com/news/stories/0412/75305.html
224,Illegally seized a privately owned gun from a law abiding citizen,"http://www.nytimes.com/2012/04/15/us/politics/white-house-doors-open-for-big-donors.html?_r=2&pagewanted=all?src=tp White House Opens Door to Big Donors, and Lobbyists Slip In], New York Times, April 14, 2012</ref>"
225,Broke his promise to have real time verifiability of Obamacare subsidies,http://news.yahoo.com/pepsi-beverages-pays-3-1m-racial-bias-case-163722194.html
226,Signed health care reform whose rules contradicted each other,http://cnsnews.com/news/article/nine-state-ags-cite-21-illegal-actions-obama-administration
227,Signed a health care reform plan that is so horrible that even the IRS agents who run it don’t want to participate in it,http://www.washingtonpost.com/opinions/when-government-is-the-looter/2012/05/18/gIQAUIKVZU_story.html
228,Tried to tax small businesses at a higher rate than corporations,http://weaselzippers.us/2012/05/22/white-house-obama-campaign-funded-not-from-huge-donors-at-all/?utm_source=dlvr.it&utm_medium=twitter
229,Illegally prevented individual employees of small businesses from choosing their own plan during the first year of Obamacare,http://www.reuters.com/article/2012/05/17/us-china-trade-idUSBRE84G19U20120517?feedType=RSS&feedName=topNews&utm_source=feedburner&utm_medium=feed&utm_campaign=Feed%3A+reuters%2FtopNews+%28News+%2F+US+%2F+Top+News%29&utm_content=Google+Reader
230,Falsely said that Obamacare had not hurt jobs,http://www.huffingtonpost.com/2009/02/03/tom-daschle-withdraws-nom_n_163557.html
231,"Falsely said that health insurance premiums would be reduced by $2,500 per family by the end of his first term",http://www.cbsnews.com/8301-503544_162-4908247-503544.html
232,Illegally gave Obamacare waiver to Massachusetts,http://articles.cnn.com/2009-02-03/politics/performance.nominee.withdraws_1_nancy-killefer-chief-performance-officer-unemployment-tax?_s=PM:POLITICS
233,Betrayed the unions that helped him to get elected,http://www.upi.com/Top_News/2009/02/05/Tax_problems_delay_vote_on_Hilda_Solis/UPI-61081233871528/
234,Illegally changed Obamacare to benefit members of Congress and their staff,http://latimesblogs.latimes.com/washington/2009/03/obama-kirk-taxe.html
235,Told General Mills to stop making true claims about Cheerios,http://articles.cnn.com/2009-10-16/politics/beck.dunn_1_mao-mein-kampf-lee-atwater?_s=PM:POLITICS
236,Illegally avoided enforcing the required income verification of people who receive subsidies for Obamacare exchanges,https://web.archive.org/web/20120827171939/http://abcnews.go.com/blogs/politics/2010/07/white-house-nasa-defend-comments-about-nasa-outreach-to-muslim-world-criticized-by-conservatives/
237,Placed a 40% tax on so-called “Cadillac” insurance plans,http://www.tnr.com/blog/timothy-noah/99229/cordrays-recess-appointment-sure-doesnt-look-constitutional-me
238,Made medical care for special needs children more expensive,http://www.washingtonpost.com/politics/court-says-obama-exceeded-authority-in-making-appointments/2013/01/25/b7e1b692-6713-11e2-9e1b-07db1d2ccd5b_story.html
239,"Responded to the Benghazi attack by going back to bed, and then later got up and headed off to Las Vegas for a fundraiser",http://www.politico.com/blogs/under-the-radar/2013/05/second-appeals-court-invalidates-obamas-nlrb-recess-164150.html?hp=l9
240,Illegally delayed the caps on out of pocket health care payments without Congressional approval,http://www.washingtontimes.com/news/2013/jul/17/third-court-overturns-obama-recess-appointments/
241,Holds a double standard when it comes to supporting “gun free” zones,http://www.nytimes.com/2014/06/27/us/supreme-court-president-recess-appointments.html?_r=0
242,"Outlawed the low-premium, high-deductible health insurance that some people prefer",http://www.nytimes.com/2012/03/27/health/policy/arguing-that-health-mandate-is-not-a-tax-except-when-it-is.html
243,Lied about how many people he had helped to protect from mortgage fraud,http://www.nytimes.com/2012/03/27/health/policy/arguing-that-health-mandate-is-not-a-tax-except-when-it-is.html
244,Falsely said the NSA review was being conducted by an “independent” body,http://www.foxnews.com/opinion/2012/08/16/how-became-george-obama-brother/
245,Forced taxpayers to bail out the student debt of people with six figure incomes,http://www.foxnews.com/politics/2012/08/23/more-than-2200-hospitals-face-penalties-for-high-readmissions/
246,Closed off public roads so he could buy books,http://politicalticker.blogs.cnn.com/2013/01/10/obama-signs-bill-gets-secret-service-protection-for-life/
247,"Gave illegal EPA exemption to one oil refinery, and would not say which refinery it was",http://www.whitehousedossier.com/2013/01/11/obama-opposed-gun-ban-exception-defend-home/
248,Created new fines for charitable hospitals that give treatment to uninsured people,http://www.msnbc.msn.com/id/50314590/ns/meet_the_press-transcripts/t/december-president-barack-obama-tom-brokaw-jon-meacham-doris-kearns-goodwin-david-brooks-chuck-todd/
249,Blamed poverty on zip codes instead of on behavior,http://cnsnews.com/news/article/obama-i-cut-spending-over-trillion-dollars-2011
250,Nominated a telecommunications lobbyist and Obama fundraiser to head the FCC,http://cnsnews.com/news/article/obama-i-cut-spending-over-trillion-dollars-2011
251,Tried to violate defendants’ right to a fair trial,http://afp.google.com/article/ALeqM5h-wpxs1Re-8vx2Zk5xnYygW1W67w
252,Threatened internet service providers with contempt of court if they did not install surveillance software,http://www.nationalreview.com/planet-gore/17677/speaking-truth-horsepower/henry-payne
253,"Sued Louisiana to try to keep low income black children trapped in horrible schools, and lied about why he did it",http://www.nytimes.com/2009/01/29/us/politics/29whitehouse.html?hp&_r=0
254,"Encouraged 40,000 longshoremen to quit the AFL-CIO",http://voices.yahoo.com/wagyu-steak-gets-obama-hot-water-2588010.html
255,Paid $67 million to so-called “volunteers”,http://www.newser.com/story/35559/wagyu-the-hummer-of-beef.html
256,Illegally used Obamacare to fund pre-K education without approval from Congress,http://www.theatlantic.com/politics/archive/2009/04/obama-dissing-chicago-deep-dish/7365/
257,Obama’s “hunger-free” program left students feeling hungry,http://www.huffingtonpost.com/2012/12/10/common-core-nonfiction-reading-standards_n_2271229.html
258,Signed health care reform that is so terrible that less than 3% of federal employees want to join it,http://aclj.org/middle-east-turmoil/jay-sekulow-no-us-warplanes-to-muslim-brotherhood
259,Avoided doing background checks on Obamacare “navigators”,http://news.yahoo.com/why-cash-clunkers-hurt-environment-more-helped-024848694.html
260,Illegally paid White House interns less than minimum wage,http://news.yahoo.com/why-cash-clunkers-hurt-environment-more-helped-024848694.html
261,Said broccoli was his favorite food,http://news.yahoo.com/why-cash-clunkers-hurt-environment-more-helped-024848694.html
262,Illegally missed half of Obamacare’s deadlines,http://wheels.blogs.nytimes.com/2009/05/06/congress-close-on-cash-for-clunkers/?hp
263,Tried to give illegal Obamacare subsidies to unions without Congressional approval,http://news.yahoo.com/why-cash-clunkers-hurt-environment-more-helped-024848694.html
264,"Made it harder for writers, actors, artists, and musicians to obtain health insurance",https://web.archive.org/web/20130105051446/http://www.huffingtonpost.com/2013/01/04/obama-2008-campaign-fined_n_2412720.html
265,"Banned the sale of flavored cigarettes, but gave an exemption to the most dangerous flavor",http://abcnews.go.com/blogs/politics/2008/04/obama-forgets-w/
266,Tried to censor the Washington Post,http://abcnews.go.com/blogs/politics/2008/04/obama-forgets-w/
267,Dumbed down math education to make wrong answers acceptable,http://abcnews.go.com/blogs/politics/2008/04/obama-forgets-w/
268,Broke his promise to label genetically modified food,http://abcnews.go.com/blogs/politics/2008/04/obama-forgets-w/
269,Asked the Supreme Court to allow warrantless cell phone searches,https://web.archive.org/web/20130122015932/http://www.breitbart.com/Big-Government/2013/01/18/inaugural-sponsors-spent-160-million-lobbying-government
270,Used an armed SWAT team to check for water pollution,https://web.archive.org/web/20130122015932/http://www.breitbart.com/Big-Government/2013/01/18/inaugural-sponsors-spent-160-million-lobbying-government
271,Purchased 1.6 billion rounds of ammunition for the Department of Homeland Security to use in the U.S.,http://www.washingtontimes.com/blog/watercooler/2012/nov/8/picket-companies-plan-massive-layoffs-obamacare-be/
272,"Released 2,837 convicted sex offenders from prison",http://online.wsj.com/public/resources/documents/MedDeviceLetter12102012.pdf
273,"Refused to fire or prosecute Obamacare employee who released private info of 2,400 people",http://dailycaller.com/2014/02/18/health-industry-group-yes-weve-suffered-massive-obamacare-job-losses/
274,Tried to monitor 80% of all credit card transactions,http://economix.blogs.nytimes.com/2013/07/10/taxing-employers-and-employees/?partner=yahoofinance&_r=0
275,Tried to censor the AFL-CIO,http://gawker.com/5950331/olive-garden-red-lobster-scale-back-employee-work-hours-to-avoid-paying-for-health-insurance
276,Falsely said that he had not declared a “red line” on Syria,http://gawker.com/5950331/olive-garden-red-lobster-scale-back-employee-work-hours-to-avoid-paying-for-health-insurance
277,Falsely gave himself credit for John Kerry’s idea about Syria,http://www.newsmax.com/TheWire/obamacare-wendys-cuts-hours/2013/01/08/id/470528
278,Made it more difficult and bureaucratic for restaurant employees to collect automatic tips from parties of eight or more,http://www.huffingtonpost.com/2013/01/08/taco-bell-obamacare_n_2433947.html?view=print&comm_ref=false
279,Secretly and illegally reversed NSA restrictions without approval from Congress,http://www.nrcc.org/2013/07/24/no-you-cant-have-fries-with-that-fast-food-chain-white-castle-cutting-back-on-employees-hours-and-hiring-thanks-to-obamacare/
280,Encouraged employers to use temp agencies,http://money.cnn.com/2013/07/08/smallbusiness/obamacare-fatburger/index.html
281,Encouraged layoffs of health care workers,http://pittsburgh.cbslocal.com/2013/07/02/local-institutions-employees-feeling-effects-of-obamacare/
282,Encouraged insurance companies to reduce their customers’ choices of doctors and hospitals,http://www.insidehighered.com/news/2012/11/20/college-cuts-adjuncts-hours-avoid-affordable-care-act-costs
283,Encouraged a hospital to close,http://www.theglobaldispatch.com/four-colleges-to-cut-faculty-hours-to-part-time-status-blames-obamacare-60307/
284,Required doctors to ask patients sexual questions and put their answers in an electronic database,http://www.washingtonpost.com/national/health-science/health-care-law-is-tied-to-new-caps-on-work-hours-for-part-timers/2013/07/23/e6272544-e96a-11e2-aa9f-c03a72e2d342_story.html
285,Listed wrong prices for Obamacare,http://pittsburgh.cbslocal.com/2013/07/02/local-institutions-employees-feeling-effects-of-obamacare/
286,Made it easier for people to commit health care fraud,http://www.breitbart.com/Big-Government/2013/04/16/ObamaCare-Regal-Employee-hours
287,Included a so-called “family glitch” in his health care reform,http://www.washingtonpost.com/national/health-science/health-care-law-is-tied-to-new-caps-on-work-hours-for-part-timers/2013/07/23/e6272544-e96a-11e2-aa9f-c03a72e2d342_story_1.html
288,Made it harder for Canadian politicians to get health care,http://www.forbes.com/sites/lauraheller/2013/06/14/obamacare-is-turning-walmart-workers-into-temps/?partner=yahootix
289,"Gave married couples an annual tax of up to $11,028 for being married instead of single",http://www.thegatewaypundit.com/2013/07/now-they-tell-us-union-leaders-now-say-obamacare-will-destroy-health-well-being-of-us-workers/
290,"Gave people an annual tax increase of up to $12,214 for earning one more dollar of income",http://www.policymic.com/articles/59981/obamacare-strikes-and-forever-21-cuts-employees-hours
291,Refused to fire IRS employees who “lost” $67 million from Obamacare “slush fund”,http://www.foxbusiness.com/industries/2013/09/11/with-eye-on-obamacare-companies-move-to-cut-workers-hours/
292,Refused to fire ATF employees who “lost” 420 million cigarettes,http://www.foxbusiness.com/industries/2013/09/11/with-eye-on-obamacare-companies-move-to-cut-workers-hours/
293,Falsely said his mother’s insurance company had refused to pay for her cancer treatment,http://www.foxbusiness.com/industries/2013/09/11/with-eye-on-obamacare-companies-move-to-cut-workers-hours/
294,Had 19.5 million fake Twitter followers,http://www.foxbusiness.com/industries/2013/09/11/with-eye-on-obamacare-companies-move-to-cut-workers-hours/
295,Illegally delayed online registration of Obamacare for small businesses,http://news.investors.com/politics-obamacare/102313-676326-obamacare-employer-mandate-impact-on-hours.htm?p=2
296,"Encouraged 30,000 Puget Sound grocery workers to vote in favor of authorizing a strike",http://news.investors.com/politics-obamacare/101713-669013-obamacare-employer-mandate-a-list-of-cuts-to-work-hours-jobs.htm
297,Waived the U.S. ban on arming terrorists,http://news.investors.com/politics-obamacare/101813-675710-100-school-districts-blame-obamacare-for-cuts-to-work-hours.htm
298,Caused a family’s monthly insurance premium to increase from $333 to $965,http://dyn.politico.com/printstory.cfm?uuid=FC135ED0-A4C9-47B5-8350-E062845AA2C6
299,Caused Michelle Malkin’s family to lose their health insurance policy,http://dyn.politico.com/printstory.cfm?uuid=FC135ED0-A4C9-47B5-8350-E062845AA2C6
300,Tried to force Little Sisters of the Poor and other Catholic organizations to violate their religious principles,http://www.poynter.org/latest-news/mediawire/156227/obama-administrations-foia-record-worse-than-bushs/
301,"Signed health care reform that broke his promise not to increase taxes on families making less than $250,000 a year",http://www.salon.com/2012/10/31/federal_court_oks_warrantless_use_of_hidden_cameras/
302,Pushed millions of working people “into a regulatory health coverage no man’s land”,http://www.woodtv.com/dpp/news/target_8/Volt-no-jolt-LG-Chem-employees-idle
303,“Unfairly” forced federal lawmakers and their aides to participate in the same health care reform as everyone else,http://www.breitbart.com/Big-Government/2012/10/16/Feds-drop-516K-on-prom-week-video-game
304,Encouraged SEIU union to go on strike,http://dailycaller.com/2012/10/16/obama-touts-fair-pay-for-women-despite-records-showing-women-paid-less-in-his-own-white-house/
305,Removed promise of “free” health care from Obamacare website,http://dailycaller.com/2012/10/16/obama-touts-fair-pay-for-women-despite-records-showing-women-paid-less-in-his-own-white-house/
306,Exposed the hypocrisy of MSNBC host Ed Schultz,http://www.cnbc.com/id/49450057
307,Punished people who were unable to accurately predict their income a year in advance,http://www.politifact.com/wisconsin/statements/2012/oct/17/mitt-romney/romney-says-obama-also-has-investments-chinese-com/
308,Created Obamacare website where less than 1% of the people who visited on its first day actually registered for Obamacare,http://www.politifact.com/wisconsin/statements/2012/oct/17/mitt-romney/romney-says-obama-also-has-investments-chinese-com/
309,Obama administration falsely said it did not know how many people had enrolled in Obamacare,http://cnsnews.com/news/article/us-spent-27-million-ineffective-pottery-classes-morocco
310,Broke promise that Obamacare “navigators” would not go door to door,"http://www.orlandosentinel.com/features/education/os-school-food-waste-20120930,0,1993800.story"
311,Created Obamacare website where reporters from various news agencies were unable to register on its first day,http://www.nypost.com/p/news/national/bam_blind_eye_to_illegal_donors_8SWotytr1RvbhyDCRyyrEL
312,Created Obamacare phone line that was answered by “navigators” who had no training,http://www.prisonplanet.com/tsa-administrative-directive-opt-outters-to-be-considered-%E2%80%9Cdomestic-extremists%E2%80%9D.html
313,Created Obamacare website that can’t handle as much traffic as a website which is run by one guy in his pajamas from his apartment,http://washington.cbslocal.com/2012/09/21/why-did-the-white-house-take-so-long-to-admit-libya-attack-was-terrorism/
314,Created Obamacare phone line where “navigators” told people to go to a building that turned out to be empty,http://www.forbes.com/sites/billflax/2012/10/18/benghazi-four-americans-died-obama-lied-and-the-press-complied/
315,Created Obamacare phone line with a number that when spelled out is “F*** YO”,http://washington.cbslocal.com/2012/09/21/why-did-the-white-house-take-so-long-to-admit-libya-attack-was-terrorism/
316,Tried to censor a book about the “Fast and Furious” scandal,http://washington.cbslocal.com/2012/09/21/why-did-the-white-house-take-so-long-to-admit-libya-attack-was-terrorism/
317,"Michelle Obama said she could not tweet as often after the federal shutdown caused layoffs of her 16 “assistants,” who have salaries as high as$172,200",http://www.washingtonpost.com/blogs/fact-checker/post/obamas-claim-he-called-benghazi-an-act-of-terrorism/2013/05/13/7b65b83e-bc14-11e2-97d4-a479289a31f9_blog.html
318,Hypocritically blocked Texas’s voter ID law for being “racist”,http://www.cbsnews.com/8301-250_162-57583014/diplomat-u.s-special-forces-told-you-cant-go-to-benghazi-during-attacks/
319,Falsely said that his negotiating over the debt ceiling would be unprecedented,http://www.cbsnews.com/8301-250_162-57583014/diplomat-u.s-special-forces-told-you-cant-go-to-benghazi-during-attacks/
320,"Blocked access to outdoor memorials and monuments during the government shutdown, even though it would have been cheaper to leave them open",http://abcnews.go.com/blogs/politics/2013/05/exclusive-benghazi-talking-points-underwent-12-revisions-scrubbed-of-terror-references/
321,Kicked people out of their privately owned vacation homes on federal land during government shutdown,http://abcnews.go.com/blogs/politics/2013/05/exclusive-benghazi-talking-points-underwent-12-revisions-scrubbed-of-terror-references/
322,Forced private businesses on federal land to close during government shutdown,http://abcnews.go.com/images/Politics/Benghazi%20Talking%20Points%20Timeline.pdf
323,Kept one of his favorite golf courses open during government shutdown,http://abcnews.go.com/blogs/politics/2013/05/exclusive-benghazi-talking-points-underwent-12-revisions-scrubbed-of-terror-references/
324,"Spent $98,670 to build an outhouse",http://www.huffingtonpost.com/2013/05/24/victoria-nuland-state-department_n_3332297.html
325,Engages in “a sign of leadership failure”,http://www.huffingtonpost.com/2013/05/24/victoria-nuland-state-department_n_3332297.html
326,Used armed guards to imprison law abiding tourists inside a locked building at Yellowstone National Park,http://gretawire.foxnewsinsider.com/2014/01/16/obama-administration-and-new-york-times-have-some-explaining-to-do/?dtoc
327,"Obama used the October 2013 government shutdown as an excuse to deny death benefits to the families of dead U.S. soldiers, even though the funding had already been previously authorized by law",http://www.zerohedge.com/news/2013-01-02/why-did-train-carrying-biofuel-cross-border-24-times-and-never-unload
328,"Ordered a $47,174 mechanical bull during the October 2013 government shutdown",http://cnsnews.com/news/article/obama-we-got-back-every-dime-bailout-cbo-bailout-will-lose-24-billion
329,"Seized $35,000 from a law abiding owner of a grocery store without any warning , explanation, or charges",http://www.thedaily.com/article/2012/10/02/100212-news-va-report/
330,"Ran “the most closed, control-freak administration I’ve ever covered”",http://www.politico.com/politico44/2012/04/taxpayerfunded-clown-mindreader-brings-down-gsa-chief-119396.html
331,Fined a runner $100 for running in Valley Forge,http://www.politico.com/blogs/under-the-radar/2012/09/activists-troubled-by-white-house-call-to-youtube-135618.html
332,"Ordered Claude Moore Colonial Farm to shut down, even though it was privately funded",http://www.politico.com/blogs/under-the-radar/2012/09/activists-troubled-by-white-house-call-to-youtube-135618.html
333,Ordered a volunteer to stop cleaning up the National Mall,http://www.politico.com/blogs/under-the-radar/2012/09/activists-troubled-by-white-house-call-to-youtube-135618.html
334,Told students to remove two amendments from the “outdated” Bill of Rights,http://abcnews.go.com/blogs/politics/2012/09/president-obama-falsely-claims-fast-and-furious-program-begun-under-the-previous-administration/
335,Ordered people to appear in federal court because they had entered the Grand Canyon,http://abcnews.go.com/blogs/politics/2012/09/president-obama-falsely-claims-fast-and-furious-program-begun-under-the-previous-administration/
336,Ordered volunteers to stop bringing therapy dogs to visit sick children in the hospital,http://www.politico.com/news/stories/0912/81649.html
337,Had veterans arrested for visiting the Vietnam Memorial,http://washingtonexaminer.com/sebelius-to-hit-campaign-trail-again-after-hatch-act-violation/article/2509096
338,A “lead navigator” for Obamacare falsely told applicants that they must provide their credit score,http://nation.foxnews.com/white-house/2012/09/19/wh-calls-sebelius-lawbreaking-inadvertent-error
339,Created Obamacare website which “looks like nobody tested it”,http://nation.foxnews.com/white-house/2012/09/19/wh-calls-sebelius-lawbreaking-inadvertent-error
340,Obamacare’s first publicized “enrollee” turned out to be a Democratic activist who had not actually enrolled in Obamacare,http://washingtonexaminer.com/55-percent-of-small-business-owners-would-not-start-company-today-blame-obama/article/2509069#.UPzQqWe3rg5
341,Said it’s “unfair” to ask for Obamacare enrollment numbers just one week after Obamacare website went online,http://www.washingtonpost.com/blogs/fact-checker/post/bachmanns-claim-that-barack-obama-has-a-14-billion-a-year-presidency/2013/03/17/bb5f3ea2-8f40-11e2-bdea-e32ad90da239_blog.html
342,Declined to idenifty the private contractors who screwed up the Obamacare website,http://www.theblaze.com/contributions/epa-accidentally-celebrates-che-the-terrorist-who-craved-to-take-down-the-u-s/
343,"Refused to answer why businesses, but not individuals, were able to delay the Obamacare mandate for a year",http://spectator.org/blog/2012/09/11/obama-still-doesnt-get-911
344,Gave people Obamacare “rate shock”,http://www.nytimes.com/2012/09/22/business/medicare-billing-rises-at-hospitals-with-electronic-records.html?_r=0
345,Made sure that Obamacare “rate shock” did not happen until after the 2012 election,http://www.washingtontimes.com/news/2012/aug/21/stimulus-funds-spent-obama-ads-olbermann-maddow/
346,Had the Obamacare website built by cronies instead of by qualified programmers,http://washingtonexaminer.com/1.8-trillion-shock-obama-regs-cost-20-times-estimate/article/2508466#.UPzdqGe3rg6
347,Used 55 different contractors to build the Obamacare website,http://washingtonexaminer.com/obama-refuses-to-admit-that-he-broke-his-promise-to-hispanic-voters/article/2508569#.UPzdr2e3rg4
348,Waited until after the 2012 election to issue major rules for the Obamacare website,http://washingtonexaminer.com/obama-refuses-to-admit-that-he-broke-his-promise-to-hispanic-voters/article/2508569#.UPzdr2e3rg4
349,New York Times reporter was never able to log in to Obamamacare website during more than 40 attempts over 11 days,http://washingtonexaminer.com/obama-refuses-to-admit-that-he-broke-his-promise-to-hispanic-voters/article/2508569#.UPzdr2e3rg4
350,Hired illegal immigrant as Obamacare “navigator”,http://washingtonexaminer.com/obama-refuses-to-admit-that-he-broke-his-promise-to-hispanic-voters/article/2508569#.UPzdr2e3rg4
351,Hired someone with an outstanding arrest warrant as Obamacare “navigator”,http://online.wsj.com/article/SB10001424052748704671904575194483171910348.html?mod=rss_opinion_main
352,IRS collected taxes but did not send out refunds during government shutdown,http://abcnews.go.com/WN/sec-pornography-employees-spent-hours-surfing-porn-sites/story?id=10451508
353,Prevented Catholic volunteers from practicing their religion at military bases during government shutdown,http://www.bloomberg.com/news/2014-05-07/porn-watching-epa-employee-found-by-agency-watchdog.html
354,Spent more than $500 million to build unusable Obamacare website,http://www.politico.com/politico44/2012/04/taxpayerfunded-clown-mindreader-brings-down-gsa-chief-119396.html
355,"Refused to fire Kathleen Sebelius, even after the failure of the Obamacare website",http://www.washingtonpost.com/local/1-million-bus-stop-opens-in-arlington/2013/03/24/49e5c47e-917c-11e2-9abd-e4c5c9dc5e90_story.html
356,There is “no reasonable expectation of privacy” at Obamacare website,http://www.nytimes.com/2013/03/03/magazine/beer-mergers.html?pagewanted=all&_r=1&
357,Requires users to reveal private info before shopping at Obamacare website,http://www.cbsnews.com/8301-250_162-57572180/u.s-capitol-official-obama-wrong-on-janitors-pay-cut/
358,Michelle Obama refused to pick vegetables from her own garden without federal help,http://www.cbsnews.com/8301-250_162-57572180/u.s-capitol-official-obama-wrong-on-janitors-pay-cut/
359,The Obamacare website is “a hacker’s wet dream”,http://www.foxnews.com/politics/2013/01/30/obama-keet-shooting-all-time-hardly-sources-say/#ixzz2JVcSeyMG
360,Caused a leukemia patient to lose his insurance,http://www.washingtonpost.com/blogs/fact-checker/post/the-white-houses-curious-silence-about-obamas-claim-of-skeet-shooting/2013/01/30/be78bb10-6b35-11e2-95b3-272d604a10a3_blog.html
361,"Added 11 million words of regulations to Obamacare, which is 30 times as many words as the law itself",http://www.cbsnews.com/8301-503544_162-57454890-503544/president-obama-plays-100th-round-of-golf-draws-fire-from-critics/
362,Threatened to arrest people for telling jokes,http://www.nytimes.com/2013/02/23/us/politics/obamas-backers-seek-deep-pockets-to-press-agenda.html?pagewanted=1&%2359&ref=politics&%2359;_r=0&_r=1&
363,Changed Obamacare registration deadline at the last minute,http://cnsnews.com/news/article/having-added-record-59t-debt-obama-claims-he-s-cut-deficit-25t
364,Ignored the  successful methods of eHealthInsurance.com,http://cnsnews.com/news/article/having-added-record-59t-debt-obama-claims-he-s-cut-deficit-25t
365,"For two weeks, CNN reporter was never able to log in to Obamacare website",http://sacramento.cbslocal.com/2013/02/21/new-tax-codes-causing-delays-in-filing-2012-returns/
366,Paid $500 per gallon for gasoline,http://thecaucus.blogs.nytimes.com/2013/02/08/lews-cayman-islands-fund-a-likely-issue-at-confirmation-hearings/
367,Referred people to uncertified Obamacare “navigagtors” and “assisters”,http://washingtonexaminer.com/after-mike-bloombergu2019s-rule-for-hospitals-fda-panel-votes-to-restrict-use-of-painkillers/article/2519743
368,"While the Obamacare website was not working, 700 counterfeit Obamacare websites were working",http://washingtonexaminer.com/furchtgott-roth-why-the-unions-are-shrinking/article/2519391#.UQAlqjXCz8A
369,Asked Blue Cross Blue Shield not to release Obamacare exchange numbers,http://washingtonexaminer.com/furchtgott-roth-why-the-unions-are-shrinking/article/2519391#.UQAlqjXCz8A
370,100% of Senate Democrats up for reelection planned to support a delay in Obamacare’s individual mandate,http://www.judicialwatch.org/press-room/press-releases/jw-forces-release-of-dhs-report-on-illegal-alien-charged-with-killing-virginia-nun-in-august-2010-drunk-driving-incident/
371,Sold aircraft carrier for scrap metal for one cent,http://www.judicialwatch.org/blog/2013/02/illegal-alien-who-killed-nun-was-on-obamas-supervised-release/
372,Obamacare website gave wrong prices,http://www.washingtonpost.com/opinions/bob-woodward-obamas-sequester-deal-changer/2013/02/22/c0b65b5e-7ce1-11e2-9a75-dab0201670da_story.html
373,Obamacare website sent false information to insurance companies,http://www.washingtonpost.com/opinions/bob-woodward-obamas-sequester-deal-changer/2013/02/22/c0b65b5e-7ce1-11e2-9a75-dab0201670da_story.html
374,Threatened to punish people for not buying health insurance from a website that wasn’t even working,http://www.weeklystandard.com/blogs/once-again-obama-suggests-laws-don-t-apply-him_706540.html?utm_source=co2hog
375,"In the first two weeks of the Obamacare website, “no more than 5,000” enrollees had successfully completed the enrollment process",http://pjmedia.com/blog/our-petty-country-be-damned-president/
376,Falsely said “No one is more frustrated than I am” regarding the Obamacare website,http://pjmedia.com/blog/our-petty-country-be-damned-president/
377,Obamacare website was built using 10-year-old technology,http://www.weeklystandard.com/blogs/obama-newtown-shooter-gunned-down-20-children-fully-automatic-weapon_714527.html
378,Required note from doctor for a mother to feed her own child,http://www.nytimes.com/2013/04/02/us/politics/option-for-small-business-health-plan-delayed.html?_r=1&
379,Obamacare website violates copyright laws,http://newsbusters.org/blogs/tom-blumer/2009/08/13/surgical-strike-surgeons-group-blasts-obamas-30k-50k-leg-amputation-clai
380,"Repeatedly promised that the Obamacare website would be ready on October 1, 2013",http://newsbusters.org/blogs/tom-blumer/2009/08/13/surgical-strike-surgeons-group-blasts-obamas-30k-50k-leg-amputation-clai
381,"Called the Obamacare website “the easiest, most consumer friendly website to use”",http://www.nbcconnecticut.com/news/archive/Tonsil-Doctors-Fight-Obama-Smear.html
382,Obamacare website had between 10 and 20 times as many lines of code as it should have had,http://www.nbcconnecticut.com/news/archive/Tonsil-Doctors-Fight-Obama-Smear.html
383,"Jared Polis opposes delaying Obamacare’s individual mandate for the entire country, but favors such a delay for his own district",http://www.thegatewaypundit.com/2013/03/obama-dhs-purchases-2700-light-armored-tanks-to-go-with-their-1-6-billion-bullet-stockpile/?ModPagespeed=noscript
384,Gave a no-bid contract to CGI Federal to build the Obamacare website,http://www.weeklystandard.com/blogs/chief-white-house-calligrapher-gets-paid-96725-year_706521.html
385,"Broke promise to have Spanish version of Obamacare website up and running on October 1, 2013",http://www.wusa9.com/news/article/248315/158/White-House-277K-Staff-Invitations-Vs-Cheap-Fake
386,Broke promise that Spanish version of Obamacare website would be up and running by “mid October” 2013,http://www.bloomberg.com/news/2013-03-08/number-of-tax-delinquent-government-workers-up-11-5-.html
387,Fired an Obamcare phone operator for truthfully answering a caller’s question,http://www.cnsnews.com/node/47976
388,Gave contract for Obamacare website to Michelle Obama’s college classmate,http://www.cbsnews.com/8301-505123_162-57577051/ups-to-pay-$40-million-to-end-federal-investigation-into-illicit-drug-deliveries/
389,"Spent $634 million for Obamacare website as of October 1, 2013, even though it was only supposed to cost $94 million",http://www.nationalreview.com/corner/342771/its-such-reasonable-law-jonah-goldberg
390,New York Times writer gave Obama a grade of ‘F’ for rollout of Obamacare website,http://thehill.com/blogs/healthwatch/health-reform-implementation/294501-baucus-warns-of-huge-train-wreck-in-obamacare-implementation
391,Said “Don’t believe what you’ve heard” regarding criticism of Obamacare,http://washingtonexaminer.com/obamacare-architect-rockefeller-its-beyond-comprehension/article/2526681
392,Closed a public beach and prevented a private charity from raising money for art in the schools,http://www.weeklystandard.com/blogs/obama-signs-bill-eliminates-disclosure-requirement-govt-employees_716387.html
393,Monitored phone calls of 35 world leaders,http://www.nytimes.com/2013/04/26/opinion/brooks-health-chaos-ahead.html?_r=1&
394,Refused to answer question about whether or not Obama administration had monitored Angela Merkel’s phone,http://www.nytimes.com/2013/04/26/us/farm-loan-bias-claims-often-unsupported-cost-us-millions.html?partner=rss&emc=rss&smid=tw-nytimes&pagewanted=all
395,Hacked the email of Mexican presidential candidate,http://www.fool.com/investing/general/2013/04/15/how-the-feds-want-to-put-heat-on-att-and-verizon.aspx
396,Illegally seized documents from reporter Audrey Hudson,http://www.politico.com/story/2013/05/the-benghazi-patsy-91101.html
397,Required law abiding citizens to purchase insurance coverage for treatment for heroin addiction,http://www.washingtonpost.com/blogs/plum-line/wp/2013/05/10/conservatives-have-themselves-a-real-scandal-on-their-hands/
398,Required men to purchase insurance coverage for maternity care,http://www.npr.org/templates/story/story.php?storyId=183057320
399,Obamacare website could not even handle “just a few hundred people” at the same time,http://www.washingtonpost.com/blogs/plum-line/wp/2013/05/10/conservatives-have-themselves-a-real-scandal-on-their-hands/
400,Falsely blamed the Obamacare webstie’s problems on too much traffic,http://www.npr.org/templates/story/story.php?storyId=183057320
401,“Health insurance cancellation notices soar above Obamacare enrollment rates”,http://aclj.org/free-speech-2/jay-sekulow-letters-of-intimidation-to-tea-party-groups-from-lois-lerner-irs-director-exempt-organizations
402,"Was still falsely claiming that people could keep their insurance on October 28, 2013",http://media.aclj.org/pdf/lois-lerner-targeted-irs-inquiry-letter-3-16-2012.pdf
403,"Kathleen Sebelius falsely said that Obama did not know about the Obamacare website’s problems before October 1, 2013",http://www.washingtonpost.com/politics/lois-lerner-invokes-fifth-amendment-in-house-hearing-on-irs-targeting/2013/05/22/03539900-c2e6-11e2-8c3b-0b5e9247e8ca_story.html
404,"Before Kathleen Sebelius ran Obamacare website, she had long track record of failure at running websites in Kansas",http://www.washingtonpost.com/politics/lois-lerner-invokes-fifth-amendment-in-house-hearing-on-irs-targeting/2013/05/22/03539900-c2e6-11e2-8c3b-0b5e9247e8ca_story.html
405,Federal employees who tested Obamacare website gave it their approval,http://www.washingtonpost.com/blogs/the-fix/wp/2013/05/22/did-lois-lerner-waive-her-right-to-invoke-the-fifth-amendment/
406,"Said he was “mad” over botched Obamacare website, but refused to fire anyone",http://articles.washingtonpost.com/2013-05-23/politics/39472640_1_lois-lerner-irs-senate-committee
407,Kathleen Sebelius said “I don’t work for” the people whose taxes pay her salary,http://news.yahoo.com/former-irs-official-refuses-testify-hearing-144624481--finance.html
408,Obamacare website had only six enrollments in the first 24 hours,http://www.washingtontimes.com/news/2013/sep/12/emails-ois-lerner-specifically-targeted-tea-party/
409,Obama falsely blamed insurance companies for canceling policies that did not meet Obamacare’s minimum requirements,http://www.npr.org/templates/story/story.php?storyId=225453650
410,Obama administration told insurance company executives not to criticize Obamacare,http://www.forbes.com/sites/robertwood/2015/06/01/irs-lois-lerner-got-pension-129k-bonus-new-call-for-criminal-charges/2/
411,"In July 2010, Obama knew that Obamacare would cause millions of people to lose their insurance, but he continued to falsely say they could keep it",http://washingtonexaminer.com/irs-lois-lerner-gave-confidential-tea-party-group-tax-info-to-fec-violating-law/article/2538263
412,Obamacare covers “a narrow network of doctors and hospitals”,http://www.washingtonpost.com/politics/obama-denounces-reported-irs-targeting-of-conservative-groups/2013/05/13/a0185644-bbdf-11e2-97d4-a479289a31f9_print.html
413,"Obama knew about the defective Obamacare website a month before it went online, but he let it go online anyway",http://www.reuters.com/article/2013/05/14/us-usa-tax-irs-idUSBRE94B08I20130514
414,Valerie Jarrett falsely said “Nothing in Obamacare forces people out of their health plans”,http://www.washingtonpost.com/opinions/playing-politics-with-tax-records/2013/05/10/e36dfe5a-b9b7-11e2-aa9e-a02b765ff0ea_story.html
415,Kathleen Sebelius said the Obamacare website “has never crashed” at the exact same time that it was crashing,http://www.washingtonpost.com/business/economy/holder-orders-fbi-justice-probe-of-irs/2013/05/14/7891fde6-bcc0-11e2-9b09-1638acc3942e_story.html?hpid=z1
416, “Top Hospitals Opt Out of Obamacare”,http://www.reuters.com/article/2013/05/14/us-usa-tax-irs-idUSBRE94B08I20130514
417,Obama falsely said that using the Obamacare website would be like shopping at amazon.com,http://www.foxnews.com/politics/2014/02/02/transcript-bill-oreilly-interviews-president-obama/
418,"Obama said Obamacare could cause premiums to “fall by as much as 3,000%”",http://www.cbsnews.com/8301-250_162-57584707/acting-irs-commissioner-steps-down-obama-announces/
419,Threatened to prosecute someone for selling “Department of Homeland Stupidity” coffee mugs,http://www.propublica.org/article/irs-office-that-targeted-tea-party-also-disclosed-confidential-docs
420,Monitored phone calls and emails regarding future Pope Francis,http://dailycaller.com/2013/05/14/carney-white-house-notified-of-irs-targeting-tea-party-several-weeks-ago-obama-i-found-out-friday-video/
421,Used drones to kill dozens of civilians in Yemen and Pakistan,http://news.yahoo.com/blogs/ticket/conservative-activist-green-name-gets-irs-stamp-approval-193457897.html
422,High ranking Obama administration official said the U.S. is an “Islamic country with an Islamically compliant constitution”,http://www.politico.com/story/2013/05/israel-related-groups-also-pointed-to-irs-scrutiny-91298.html
423,Obama “puts a chill on what is really a healthy discourse between journalists and their sources”,http://www.politico.com/story/2013/05/the-irs-wants-you-to-share-everything-91378.html
424,Obamacare website sent some people the eligibility letters of other people,http://www.politico.com/story/2013/05/the-irs-wants-you-to-share-everything-91378.html
425,Falsely said that his promise of letting people keep their insurance had included the words “if it hasn’t changed since the law passed”,http://www.politico.com/story/2013/05/the-irs-wants-you-to-share-everything-91378.html
426,Three people built a healthcare exchange website that works,http://www.politico.com/story/2013/05/the-irs-wants-you-to-share-everything-91378.html
427,"White House gave itself waiver which allowed the Obamacare website to go online, despite the fact that it was deemed to be a high security risk",http://www.usatoday.com/story/news/politics/2013/05/14/irs-tea-party-progressive-groups/2158831/
428,Denied saying that people could keep their insurance even though it was on video from more than 20 different occasions,http://www.politico.com/story/2013/05/the-irs-wants-you-to-share-everything-91378.html
429,Broke his promise to “call out” people who lie about Obamacare,http://www.politico.com/story/2013/05/the-irs-wants-you-to-share-everything-91378.html
430,Gave CGI Federal new contracts after the launch of its defective Obamacare website,http://www.politico.com/story/2013/05/the-irs-wants-you-to-share-everything-91378.html
431,Obama apologized – not for lying – but for the fact that people believed his lie,http://www.washingtonpost.com/business/economy/holder-orders-fbi-justice-probe-of-irs/2013/05/14/7891fde6-bcc0-11e2-9b09-1638acc3942e_story.html?hpid=z1
432,"On November 8, 2013, the White House website still said, “If you like your plan you can keep it”",http://dailycaller.com/2013/05/13/the-irs-admits-to-targeting-conservative-groups-but-were-they-also-leaking/
433,Obama used fraudulent accounting to overstate the number of people who had “enrolled” in Obamacare,http://www.usatoday.com/story/news/politics/2013/05/14/irs-tea-party-progressive-groups/2158831/
434,"In June 2010, the Obama administration estimated that 93 million people would lose their insurance because of Obamacare",http://www.nationalreview.com/corner/348961/true-vote-files-suit-against-irs-ian-tuttle
435,Obamacare czar Ezekiel J. Emanuel said people should skip their free annual Obamacare physical exam because it was “basically worthless”,http://www.nationalreview.com/corner/348961/true-vote-files-suit-against-irs-ian-tuttle
436,Five minute CNN video of Obamacare supporter complaining and complaining and complaining about her insurance being canceled,http://www.usnews.com/opinion/blogs/brian-walsh/2013/05/14/senate-democrats-pushed-for-irs-tea-party-snooping-before-criticizing-it
437,"In December 2013, Obama gave unions even more illegalexemptions fromObamacare",http://washingtonexaminer.com/report-irs-denied-tax-exempt-status-to-pro-lifers-on-behalf-of-planned-parenthood/article/2529750
438,"Obamacare website gave someone’s password, address, and social security number to three complete strangers",http://washingtonexaminer.com/report-irs-denied-tax-exempt-status-to-pro-lifers-on-behalf-of-planned-parenthood/article/2529750
439,Obamacare “navigators” encouraged applicants to lie about their income and smoking,http://dailycaller.com/2013/05/29/irss-shulman-had-more-public-white-house-visits-than-any-cabinet-member/
440,“4 Things The US Government Accomplished In Less Time Than A Working Obamacare Website”,http://dailycaller.com/2013/05/29/irss-shulman-had-more-public-white-house-visits-than-any-cabinet-member/
441,Falsely claimed credit for the increase in domestic oil production,http://dailycaller.com/2013/05/29/irss-shulman-had-more-public-white-house-visits-than-any-cabinet-member/
442,Falsely said “I actually respect the Constitution.”,http://www.nationalreview.com/corner/349814/former-irs-commissioner-shulman-bush-appointee-democratic-donor-eliana-johnson
443,Senator Obama repeatedly voted in favor of funding the Iraq War,"http://www.chicagotribune.com/news/politics/sns-rt-us-usa-tax-irs-teapartybre94a0fj-20130511,0,5765903.story"
444,Banned Navy SEALs from wearing the “Don’t Tread on Me”Navy Jackpatch on their uniforms,http://dailycaller.com/2013/05/31/former-irs-commissioner-shulmans-wife-works-for-liberal-group-fighting-open-campaign-spending/
445,"Gave 655 “tax refunds” to a single address in Lithuania, and 343 to a single address in Shanghai",http://dailycaller.com/2013/05/31/former-irs-commissioner-shulmans-wife-works-for-liberal-group-fighting-open-campaign-spending/
446,Banned the linking of terrorism to radical Islam during training of anti-terrorism agents,http://washingtonexaminer.com/irs-agent-at-center-of-tea-party-probe-promoted/article/2530811
447,"During Obamacare’s first month, only 106,185 people enrolled",http://www.politico.com/story/2013/06/more-irs-staffers-on-leave-92280.html?hp=l1
448,Less than 1% of Massachusetts citizens who lost their insurance because of Obamacare have signed up for a new policy at the Obamacare website,http://www.politico.com/story/2013/06/more-irs-staffers-on-leave-92280.html?hp=l1
449,"“The Obamacare Exchange Scorecard: Around 100,000 Enrollees And Five Million Cancellations”",http://www.history.com/this-day-in-history/reagan-fires-11359-air-traffic-controllers
450,Obama told insurance companies to break the law,http://www.theblaze.com/stories/2013/06/04/here-are-4-of-the-most-memorable-moments-from-tuesdays-irs-hearing/
451,"Obama falsely said “In the first month alone, we’ve seen more than 100 million Americans already successfully enroll in the new insurance plans”",http://online.wsj.com/article/SB10001424127887323844804578529713576219412.html?mod=WSJ_hpp_sections_opinion
452,"Jessica Sanford, whom Obama had cited as an Obamacare success story, later said she could not afford to buy an Obamacare policy",http://freebeacon.com/irs-sued-by-the-national-organization-for-marriage-for-leaking-tax-information/
453,Video shows students at historically black college complaining that Obamacare caused them to lose their insurance,http://pjmedia.com/tatler/2013/07/18/irs-leaked-christine-odonnells-info-the-day-she-announced-her-candidacy/
454,“Obama brings chilling effect on journalism”,http://spectator.org/archives/2013/05/20/obama-and-the-irs-the-smoking
455,Sued a trucking company that fired Muslim truck drivers for refusing to drive trucks carrying alcoholic beverages,http://spectator.org/archives/2013/05/20/obama-and-the-irs-the-smoking
456,Gave personal information of thousands of bookstore customers to dozens of federal agencies,http://news.yahoo.com/dems-unhappy-irs-screened-progressives-071941069.html
457,Created fake unemployment statistics before the 2012 election,http://dailycaller.com/2013/07/22/embattled-irs-chief-counsel-met-with-obama-2-days-before-writing-new-targeting-criteria/
458,"“White House blocks access to Obama events, news groups say”",http://dailycaller.com/2013/07/22/embattled-irs-chief-counsel-met-with-obama-2-days-before-writing-new-targeting-criteria/
459,"Three days after the Egyptian government murdered dozens of Egyptian civilians,the Obama administration announced it would give military aid to the Egyptian government, which, soon afterward, murdered hundreds of additional Egyptian civilians",http://www.mediaite.com/tv/stewart-destroys-obama-over-irs-scandal-lack-of-managerial-competence-youve-vindicated-conspiracy-theorists/
460,Spent $1.5 million to help women in Brazil quit smoking,http://www.forbes.com/sites/abrambrown/2013/05/10/irs-to-tea-party-were-sorry-we-targeted-your-taxes/
461,"“NSA broke privacy rules thousands of times per year, audit finds”",http://www.washingtontimes.com/news/2014/jan/8/feds-pick-obama-supporter-lead-irs-tea-party-probe/
462,Announced plans to illegally regulate greenhouse gas emissions without approval from Congress,http://www.washingtontimes.com/news/2014/jan/8/feds-pick-obama-supporter-lead-irs-tea-party-probe/
463,Refused to answer question about whether or not people who don’t buy insurance should be put in jail,http://pjmedia.com/tatler/2014/01/13/report-irs-harasses-sarah-palins-father/
464,An estimated 70% of California doctors will not participate in Obamacare,http://online.wsj.com/news/articles/SB10001424052702304049704579318870529059830?mg=reno64-wsj&url=http%3A%2F%2Fonline.wsj.com%2Farticle%2FSB10001424052702304049704579318870529059830.html
465,California’s Obamacare website gave out the contact information of tens of thousands of people without their permission,http://www.nytimes.com/2014/01/23/us/politics/leaning-right-in-hollywood-under-a-lens.html?_r=2
466,"Made it easy for a future Republican President to give every U.S. citizen a permanent Obamacare waiver, without approval from Congress",http://www.nytimes.com/2014/01/23/us/politics/leaning-right-in-hollywood-under-a-lens.html?_r=2
467,"Obamacare encourages patients to rig the system to rip off doctors, repeatedly, year after year after year",http://www.foxnews.com/politics/2014/02/02/transcript-bill-oreilly-interviews-president-obama/
468,"Tech experts said that a properly working Obamacare website should not have cost more than $10 million, whereas the defective version built by Michelle Obama’s incompetent Princeton classmate had actually cost $634 million",http://www.thegatewaypundit.com/2014/02/confirmed-100-of-501c4-groups-audited-by-irs-were-conservative/
469,"Harry Reid, Barbara Boxer, and several other Democratic Senators who voted for Obamacare, have exempted their own staff from Obamacare",http://www.foxnews.com/politics/2014/02/02/transcript-bill-oreilly-interviews-president-obama/
470,"In a contest for videos to promote Obamacare, the Obama administration gave first prize to a video called “Forget About the Price Tag”",http://www.washingtontimes.com/news/2014/may/7/house-republicans-find-10-of-tea-party-donors-audi/
471,"Broke his promise to have the Obamacare website fixed by November 30, 2013",http://www.judicialwatch.org/press-room/press-releases/judicial-watch-new-documents-show-irs-hq-control-tea-party-targeting/
472,Democratic aides who supported the passage of Obamacare said their new Obamacare premiums are “simply unacceptable”,http://www.dailymail.co.uk/news/article-2657545/IRS-claims-LOST-two-years-worth-email-embattled-former-official-Lois-Lerner-tea-party-targeting-scandal-heats-again.html
473,Members of Congress and their staff are exempt from the income limits for Obamacare subsidies that apply to everyone else,http://api.viglink.com/api/click?format=go&jsonp=vglnk_jsonp_14033961954817&key=71d9fc14f592a3085ee2ed65d9a66944&libId=e6b20704-5eef-4b61-bf5a-2c4bd3840601&loc=http%3A%2F%2Fforum.dvdtalk.com%2Freligion-politics-world-events%2F610640-irs-apologizes-targeting-conservative-groups-14.html%23post12145699&v=1&out=http%3A%2F%2Fdailycaller.com%2F2014%2F06%2F19%2Firs-lost-emails-from-official-that-met-with-top-obama-assistant%2F&title=IRS%20apologizes%20for%20targeting%20conservative%20groups%20-%20Page%2014%20-%20DVD%20Talk%20Forum&txt=http%3A%2F%2Fdailycaller.com%2F2014%2F06%2F19%2Fir...ama-assistant%2F
474,Obamacare website often doesn’t tell insurance companies about customers who “bought” insurance,http://api.viglink.com/api/click?format=go&jsonp=vglnk_jsonp_14033961954817&key=71d9fc14f592a3085ee2ed65d9a66944&libId=e6b20704-5eef-4b61-bf5a-2c4bd3840601&loc=http%3A%2F%2Fforum.dvdtalk.com%2Freligion-politics-world-events%2F610640-irs-apologizes-targeting-conservative-groups-14.html%23post12145699&v=1&out=http%3A%2F%2Fdailycaller.com%2F2014%2F06%2F19%2Firs-lost-emails-from-official-that-met-with-top-obama-assistant%2F&title=IRS%20apologizes%20for%20targeting%20conservative%20groups%20-%20Page%2014%20-%20DVD%20Talk%20Forum&txt=http%3A%2F%2Fdailycaller.com%2F2014%2F06%2F19%2Fir...ama-assistant%2F
475,Obama’s nominee to head the IRS has “little tax experience”,http://reason.com/blog/2014/06/20/the-irs-had-a-contract-with-an-email-bac?fb_action_ids=10203926514421456&fb_action_types=og.likes
476,"Obama said we should raise the minimum wage, but barackobama.com advertised for “unpaid” interns",http://reason.com/blog/2014/06/20/the-irs-had-a-contract-with-an-email-bac?fb_action_ids=10203926514421456&fb_action_types=og.likes
477,"Falsely said that he had never lived with his drunk driving, illegal alien uncle",http://www.theblaze.com/stories/2014/06/13/veteran-it-professional-gives-six-reasons-why-the-irs-claim-that-it-lost-two-years-of-lois-lerners-emails-is-simply-not-feasible/
478,"In New York City, thousands of Obama voting, well educated, upper class professionals complained about losing their insurance because of Obamacare",http://hotair.com/archives/2014/06/17/irs-regulations-require-e-mails-that-are-federal-records-to-be-stored-in-separate-permanent-system/
479,Washington state’s Obamacare website stole money from people’s checking accounts,http://www.thedailysheeple.com/we-know-the-whereabouts-of-lost-irs-emails_062014
480,Illegally ordered insurance companies to cover “customers” who had never paid any premiums,http://hotair.com/archives/2014/06/17/irs-regulations-require-e-mails-that-are-federal-records-to-be-stored-in-separate-permanent-system/
481,Millennials who voted for Obama and supported the passage of Obamacare did not want to purchase Obamacare insurance for themselves,http://dailycaller.com/2014/06/22/irs-cancelled-contract-with-email-storage-firm-weeks-after-lerners-computer-crash/
482,Obamcare website violated federal security laws,http://abcnews.go.com/Politics/wireStory/emails-irs-official-sought-audit-gop-senator-24304646
483,Refused to answer questions about how many of Obamacare’s so-called “enrollees” had actually paid their first month’s premium,http://www.thegatewaypundit.com/2014/06/irs-admits-leaking-confidential-information-used-against-mitt-romney-in-2012-elections/
484,Illegally delayed Obamacare’s online SHOP enrollment by one year,http://news.yahoo.com/former-irs-official-called-gop-crazies-email-162459872--finance.html
485,Ten different Obamacare “customer service” representatives refused to let cancer survivor Lynn Baklor sign up for Obamacare,http://news.investors.com/ibd-editorials/072414-710280-lois-lerner-hard-drive-was-recoverable.htm
486,Obama’s nominee to head the defense department said he did not know much about the military,http://www.foxnews.com/tech/2014/07/23/irs-has-no-excuses-for-latest-twist-in-email-saga-says-it-expert/
487,Federal judge said Obama’s bulk collection of phone records was unconstitutional,http://www.washingtonexaminer.com/irs-experts-lois-lerner-hard-drive-was-just-scratched-not-damaged-beyond-recovery/article/2551162
488,Gave out even more illegal Obamacare waivers,http://www.washingtonexaminer.com/irs-experts-lois-lerner-hard-drive-was-just-scratched-not-damaged-beyond-recovery/article/2551162
489,Obamacare creates a new 2% tax on every insurance plan,http://www.foxnews.com/tech/2014/07/23/irs-has-no-excuses-for-latest-twist-in-email-saga-says-it-expert/
490,Obamacare requires some people to pay 19% of their income for premiums,http://observer.com/2014/08/irs-shocker-filing-reveals-lerner-blackberry-destroyed/
491,Six Democratic Senators who voted for Obamacare complained that it was causing voters in their districts to lose insurance,http://news.investors.com/ibd-editorials/082714-715029-justice-department-admits-lois-lerner-emails-exist.htm?p=full
492,Admitted that the so-called “Affordable” Care Act was actually “unaffordable” for some people,http://www.forbes.com/sites/kellyphillipserb/2014/08/25/judicial-watch-claims-irs-attorneys-admit-missing-lois-lerners-emails-exist/
493,53% of people without insurance disapprove of Obamacare,http://www.judicialwatch.org/press-room/press-releases/irs-admits-court-hasnt-searched-missing-lerner-emails/
494,"Under certain circumstances, Obamacare recipients between the ages of 55 and 64 can have their homes seized by the government after they die",http://www.washingtonpost.com/blogs/federal-eye/wp/2014/11/21/irs-inspector-general-finds-up-to-30000-of-lois-lerners-e-mails/
495,"PolitiFact repeatedly changed its rating of Obama’s promise that people could keep their insurance, based on how manyPresidential elections he still had left",http://freebeacon.com/issues/lois-lerner-received-129k-in-bonuses/
496,Obamacare supporters at Democratic Underground later complained about it,http://www.forbes.com/sites/robertwood/2015/04/01/no-criminal-charges-for-lois-lerner-of-irs-keeps-bonuses-nice-retirement/
497,Commander-in-Chief Obama adopted lower military standards so unqualified women could serve in combat,http://news.investors.com/ibd-editorials/061615-757607-irss-latest-email-excuse-draws-it-closer-to-rogue-agency-status.htm
498,Had double standard for hate crime laws,http://news.yahoo.com/irs-erased-backups-realizing-tea-party-emails-lost-222001277--politics.html
499,Tried to prevent federal judge from ruling on NSA surveillance,http://www.atr.org/curious-case-lois-lerners-physically-damaged-hard-drive
500,Illegally tried to avoid disclosure of a foreign aid directive that he had signed,http://www.atr.org/irs-failed-search-five-six-locations-lois-lerner-emails
